,image_name,word_bboxes,pred_words,align_text
0,te.png,"{'0.9824406': array([[ 81.333336,  82.666664],
       [181.33331 ,  82.666664],
       [181.33331 , 121.333336],
       [ 81.333336, 121.333336]], dtype=float32), '0.9772473': array([[186.66667 ,  85.333336],
       [220.      ,  85.333336],
       [220.      , 121.333336],
       [186.66667 , 121.333336]], dtype=float32), '0.98969847': array([[225.33333 ,  85.333336],
       [286.66666 ,  85.333336],
       [286.66666 , 121.333336],
       [225.33333 , 121.333336]], dtype=float32), '0.9815712': array([[294.66666 ,  86.666664],
       [366.66666 ,  86.666664],
       [366.66666 , 121.333336],
       [294.66666 , 121.333336]], dtype=float32), '0.9799773': array([[373.33334 ,  86.666664],
       [532.      ,  86.666664],
       [532.      , 121.333336],
       [373.33334 , 121.333336]], dtype=float32)}",Unknown,Unknown
