,image_name,word_bboxes,pred_words,align_text
0,te.png,"{'1.0366188': array([[ 58.666668,  21.333334],
       [106.666664,  21.333334],
       [106.666664,  34.666668],
       [ 58.666668,  34.666668]], dtype=float32), '1.0174968': array([[108.      ,  22.666666],
       [132.      ,  22.666666],
       [132.      ,  34.666668],
       [108.      ,  34.666668]], dtype=float32), '1.0422784': array([[142.66667 ,  22.666666],
       [161.33333 ,  22.666666],
       [161.33333 ,  34.666668],
       [142.66667 ,  34.666668]], dtype=float32), '0.9440792': array([[161.33333 ,  22.666666],
       [181.33333 ,  22.666666],
       [181.33333 ,  34.666668],
       [161.33333 ,  34.666668]], dtype=float32), '0.9938051': array([[182.66667 ,  22.666666],
       [228.      ,  22.666666],
       [228.      ,  34.666668],
       [182.66667 ,  34.666668]], dtype=float32), '1.0026381': array([[140.      ,  88.      ],
       [193.33333 ,  88.      ],
       [193.33333 , 102.666664],
       [140.      , 102.666664]], dtype=float32), '0.9637125': array([[193.33333 ,  88.      ],
       [216.      ,  88.      ],
       [216.      , 102.666664],
       [193.33333 , 102.666664]], dtype=float32), '1.0036519': array([[141.33333, 172.     ],
       [172.     , 172.     ],
       [172.     , 186.66667],
       [141.33333, 186.66667]], dtype=float32), '1.0324163': array([[172.     , 172.     ],
       [214.66667, 172.     ],
       [214.66667, 189.33333],
       [172.     , 189.33333]], dtype=float32), '1.0050488': array([[149.33333, 256.     ],
       [180.     , 256.     ],
       [180.     , 270.66666],
       [149.33333, 270.66666]], dtype=float32), '0.97307956': array([[181.33333, 256.     ],
       [208.     , 256.     ],
       [208.     , 270.66666],
       [181.33333, 270.66666]], dtype=float32), '1.0304991': array([[142.66667, 340.     ],
       [174.66667, 340.     ],
       [174.66667, 354.66666],
       [142.66667, 354.66666]], dtype=float32), '0.991332': array([[174.66667, 340.     ],
       [213.33333, 340.     ],
       [213.33333, 354.66666],
       [174.66667, 354.66666]], dtype=float32), '1.0175254': array([[123.99998, 423.99997],
       [191.99998, 423.99997],
       [191.99998, 438.66663],
       [123.99998, 438.66663]], dtype=float32), '1.0417539': array([[193.33333, 424.     ],
       [233.33333, 424.     ],
       [233.33333, 438.66666],
       [193.33333, 438.66666]], dtype=float32)}",Unknown,Unknown
