,image_name,word_bboxes,pred_words,align_text
0,te.png,"{'0.9789297': array([[  0.8257416,  11.906724 ],
       [187.22206  ,   7.0652614],
       [188.4503   ,  54.35251  ],
       [  2.05398  ,  59.19397  ]], dtype=float32), '0.98841494': array([[200.7375 ,   9.46875],
       [405.2625 ,   9.46875],
       [405.2625 ,  53.025  ],
       [200.7375 ,  53.025  ]], dtype=float32), '0.9828838': array([[422.4377  ,   8.866702],
       [642.35675 ,  11.283375],
       [641.8514  ,  57.26889 ],
       [421.9324  ,  54.852215]], dtype=float32), '0.9800603': array([[655.2375 ,   9.46875],
       [979.0687 ,   9.46875],
       [979.0687 ,  60.6    ],
       [655.2375 ,  60.6    ]], dtype=float32), '0.9941042': array([[ 991.8126  ,   11.115764],
       [1209.7996  ,    7.862222],
       [1210.5566  ,   58.586468],
       [ 992.5697  ,   61.840008]], dtype=float32)}",Unknown,Unknown
