,image_name,word_bboxes,pred_words,align_text
0,te.png,"{'1.0034999': array([[344.27655 ,  18.69375 ],
       [397.2422  ,  18.69375 ],
       [397.2422  ,  34.271873],
       [344.27655 ,  34.271873]], dtype=float32), '1.0040437': array([[520.3094  ,  18.69375 ],
       [590.41095 ,  18.69375 ],
       [590.41095 ,  34.271873],
       [520.3094  ,  34.271873]], dtype=float32), '0.9676108': array([[591.96875 ,  18.69375 ],
       [616.89374 ,  18.69375 ],
       [616.89374 ,  34.271873],
       [591.96875 ,  34.271873]], dtype=float32), '0.92944175': array([[616.89374 ,  18.69375 ],
       [660.5125  ,  18.69375 ],
       [660.5125  ,  34.271873],
       [616.89374 ,  34.271873]], dtype=float32), '0.9803133': array([[42.060936, 20.251562],
       [82.564064, 20.251562],
       [82.564064, 34.271873],
       [42.060936, 34.271873]], dtype=float32), '0.9714403': array([[280.40625 ,  20.251562],
       [339.60312 ,  20.251562],
       [339.60312 ,  34.271873],
       [280.40625 ,  34.271873]], dtype=float32), '0.9770899': array([[400.35782 ,  20.251562],
       [459.5547  ,  20.251562],
       [459.5547  ,  35.82969 ],
       [400.35782 ,  35.82969 ]], dtype=float32), '0.8963554': array([[464.22812 ,  20.251562],
       [476.6906  ,  20.251562],
       [476.6906  ,  34.271873],
       [464.22812 ,  34.271873]], dtype=float32), '0.9787186': array([[660.70593 ,  19.488766],
       [698.99585 ,  22.679602],
       [697.70667 ,  38.15029 ],
       [659.41675 ,  34.959457]], dtype=float32), '0.98969465': array([[758.65466 ,  20.251562],
       [855.2391  ,  20.251562],
       [855.2391  ,  37.3875  ],
       [758.65466 ,  37.3875  ]], dtype=float32), '1.005635': array([[856.7969  ,  20.251562],
       [930.01404 ,  20.251562],
       [930.01404 ,  34.271873],
       [856.7969  ,  34.271873]], dtype=float32), '0.9410728': array([[940.91876 ,  20.251562],
       [993.8844  ,  20.251562],
       [993.8844  ,  37.3875  ],
       [940.91876 ,  37.3875  ]], dtype=float32), '0.80419195': array([[224.325   ,  21.809376],
       [236.7875  ,  21.809376],
       [236.7875  ,  34.271873],
       [224.325   ,  34.271873]], dtype=float32), '0.8945047': array([[702.5734  ,  21.809376],
       [716.59375 ,  21.809376],
       [716.59375 ,  34.271873],
       [702.5734  ,  34.271873]], dtype=float32)}",Unknown,Unknown
